year,oblast,population_total,population_urban,population_rural,urbanization_pct,avg_ntl,ntl_per_capita,conflict_events,fatalities,conflict_intensity,exports_usd,imports_usd,trade_balance,export_intensity,import_intensity,gdp_usd,gdp_growth_pct,inflation_pct,trade_pct_gdp,fdi_inflows_usd
2012,Cherkasy Oblast,1198000,716992,557133,0.598490818,33200.22945,0.027713046,0,0,0,1007649.9,576908,430741.9,551858.4018,315954.5065,1.8259211,0.152314967,7.98256111,83.88604457,8175000000
2012,Chernihiv Oblast,994000,686182,397645,0.690323944,31176.24823,0.031364435,0,0,0,542355.4,544794.3,2438.9,297031.1258,298366.8352,1.8259211,0.152314967,7.98256111,83.88604457,8175000000
2012,Chernivtsi Oblast,897000,382980,522209,0.426956522,18844.29654,0.021008134,0,0,0,124920,174891.7,49971.7,68414.78528,95782.72577,1.8259211,0.152314967,7.98256111,83.88604457,8175000000
2012,Crimea,1963770,1231648,732122,0.627185465,12521.28885,0.006376148,0,0,0,888835.1,1435417.8,546582.7,486787.244,786133.5301,1.8259211,0.152314967,7.98256111,83.88604457,8175000000
2012,Dnipropetrovsk Oblast,3214000,2764331,547733,0.860090541,21137.15223,0.006576588,0,0,0,10129717.1,6538262.7,3591454.4,5547729.91,3580802.424,1.8259211,0.152314967,7.98256111,83.88604457,8175000000
2012,Donetsk Oblast,4157000,3973317,414385,0.955813567,19740.77708,0.004748804,0,0,0,14127178.9,4168468.9,9958710,7737014.978,2282940.32,1.8259211,0.152314967,7.98256111,83.88604457,8175000000
2012,Ivano-Frankivsk Oblast,1382000,597866,783318,0.432609262,20541.39042,0.014863524,0,0,0,821538,983751.3,162213.3,449930.7226,538769.8844,1.8259211,0.152314967,7.98256111,83.88604457,8175000000
2012,Kharkiv Oblast,2683000,2189069,543017,0.815903466,29456.90386,0.010979092,0,0,0,2022112.6,2741037,718924.4,1107447.961,1501180.418,1.8259211,0.152314967,7.98256111,83.88604457,8175000000
2012,Kherson Oblast,1026000,660668,420668,0.643925926,13619.44572,0.013274314,0,0,0,328474.1,206635.2,121838.9,179895.013,113167.65,1.8259211,0.152314967,7.98256111,83.88604457,8175000000
2012,Khmelnytskyi Oblast,1274000,728496,589881,0.571817896,24986.43185,0.019612584,0,0,0,460424.9,564880.3,104455.4,252160.348,309367.3106,1.8259211,0.152314967,7.98256111,83.88604457,8175000000
2012,Kirovohrad Oblast,958000,621549,377736,0.648798539,26607.95263,0.027774481,0,0,0,630605.6,284874.7,345730.9,345363.0061,156016.9823,1.8259211,0.152314967,7.98256111,83.88604457,8175000000
2012,Kyiv,2813463,2813463,0,1,34942.08505,0.0124196,0,0,0,1982972.1,4793231.8,2810259.7,1086011.931,2625103.461,1.8259211,0.152314967,7.98256111,83.88604457,8175000000
2012,Kyiv,2813463,2813463,0,1,34942.08505,0.0124196,0,0,0,12770311.4,26115989.1,13345677.7,6993900.996,14302912.16,1.8259211,0.152314967,7.98256111,83.88604457,8175000000
2012,Kyiv Oblast,1775000,1062976,660021,0.598859718,30834.12538,0.017371338,0,0,0,,,,,,1.8259211,0.152314967,7.98256111,83.88604457,8175000000
2012,Luhansk Oblast,2145000,1963808,299868,0.915528205,25400.87297,0.011841899,0,0,0,4192709.3,1989588.7,2203120.6,2296216.03,1089635.637,1.8259211,0.152314967,7.98256111,83.88604457,8175000000
2012,Lviv Oblast,2515000,1542827,996204,0.613450099,23542.87015,0.009360982,0,0,0,1343535.6,3373475.2,2029939.6,735812.5168,1847547.082,1.8259211,0.152314967,7.98256111,83.88604457,8175000000
2012,Mykolaiv Oblast,1126000,796491,379107,0.707363233,20776.54693,0.01845164,0,0,0,2370724.8,895654.2,1475070.6,1298371.983,490521.8522,1.8259211,0.152314967,7.98256111,83.88604457,8175000000
2012,Odesa Oblast,2395000,1592602,794680,0.66496952,19299.79789,0.008058371,0,0,0,1784639.5,4304579.9,2519940.4,977391.3561,2357484.067,1.8259211,0.152314967,7.98256111,83.88604457,8175000000
2012,Poltava Oblast,1392000,902163,570378,0.648105603,32046.92346,0.023022215,0,0,0,3404406.8,1322736.3,2081670.5,1864487.354,724421.3893,1.8259211,0.152314967,7.98256111,83.88604457,8175000000
2012,Rivne Oblast,1146000,550979,605030,0.480784468,24246.19652,0.02115724,0,0,0,503536.4,458652.5,44883.9,275771.1711,251189.6598,1.8259211,0.152314967,7.98256111,83.88604457,8175000000
2012,Sevastopol,381685,358029,23656,0.938022191,5357.865875,0.014037402,0,0,0,159410.9,145343.9,14067,87304.37476,79600.31789,1.8259211,0.152314967,7.98256111,83.88604457,8175000000
2012,Sumy Oblast,1094000,776602,371147,0.709873857,34427.23791,0.031469139,0,0,0,1122088.2,678821.9,443266.3,614532.6871,371769.5688,1.8259211,0.152314967,7.98256111,83.88604457,8175000000
2012,Ternopil Oblast,1035000,474494,604439,0.458448309,26484.46373,0.025588854,0,0,0,236823.6,336848.7,100025.1,129700.8945,184481.52,1.8259211,0.152314967,7.98256111,83.88604457,8175000000
2012,Vinnytsia Oblast,1566000,814884,816421,0.520360153,30226.67763,0.019301838,0,0,0,652401.8,498364.7,154037.1,357300.1046,272938.7924,1.8259211,0.152314967,7.98256111,83.88604457,8175000000
2012,Volyn Oblast,1046000,540499,500107,0.516729446,25251.25287,0.024140777,0,0,0,605783.6,1015138.6,409355,331768.7714,555959.729,1.8259211,0.152314967,7.98256111,83.88604457,8175000000
2012,Zakarpattia Oblast,1247000,465608,787000,0.373382518,17410.77027,0.013962125,0,0,0,1385087.3,2009084.9,623997.6,758569.086,1100313.097,1.8259211,0.152314967,7.98256111,83.88604457,8175000000
2012,Zaporizhzhia Oblast,1699000,1375589,411316,0.809646263,17982.6541,0.010584258,0,0,0,4004800.1,2013430,1991370.1,2193304.026,1102692.772,1.8259211,0.152314967,7.98256111,83.88604457,8175000000
2012,Zhytomyr Oblast,1213000,739171,531768,0.609374279,25373.56042,0.020918022,0,0,0,550038.4,384271.6,165766.8,301238.8651,210453.5623,1.8259211,0.152314967,7.98256111,83.88604457,8175000000
2013,Cherkasy Oblast,1274125,716992,557133,0.562732856,22808.04058,0.017900944,0,0,0,770714,497235.9,273478.1,404576.1684,261017.4399,1.9049911,0.045439094,4.308793437,74.08182703,4509000000
2013,Chernihiv Oblast,1083827,686182,397645,0.633110266,36000.22159,0.033215838,0,0,0,555096.5,585959.5,30863,291390.6002,307591.7258,1.9049911,0.045439094,4.308793437,74.08182703,4509000000
2013,Chernivtsi Oblast,905189,382980,522209,0.423093962,21144.86092,0.023359609,0,0,0,125316.4,158104.9,32788.5,65783.19447,82995.08591,1.9049911,0.045439094,4.308793437,74.08182703,4509000000
2013,Crimea,1963770,1231648,732122,0.627185465,9399.003461,0.004786204,0,0,0,904896.2,1044489,139592.8,475013.3478,548290.7505,1.9049911,0.045439094,4.308793437,74.08182703,4509000000
2013,Dnipropetrovsk Oblast,3312064,2764331,547733,0.834624874,13651.1312,0.004121639,0,0,0,9795286.3,5346453.6,4448832.7,5141906.595,2806550.435,1.9049911,0.045439094,4.308793437,74.08182703,4509000000
2013,Donetsk Oblast,4387702,3973317,414385,0.905557624,12170.84351,0.002773854,0,0,0,12408182.7,4053797.6,8354385.1,6513512.163,2127987.685,1.9049911,0.045439094,4.308793437,74.08182703,4509000000
2013,Ivano-Frankivsk Oblast,1381184,597866,783318,0.432864846,22104.79239,0.016004234,0,0,0,471719.9,578268.7,106548.8,247623.1516,303554.5415,1.9049911,0.045439094,4.308793437,74.08182703,4509000000
2013,Kharkiv Oblast,2732086,2189069,543017,0.801244544,21047.55246,0.00770384,0,0,0,1986810.9,2278960,292149.1,1042950.227,1196310.051,1.9049911,0.045439094,4.308793437,74.08182703,4509000000
2013,Kherson Oblast,1081336,660668,420668,0.610973832,13679.61252,0.012650659,0,0,0,369051.4,274622.2,94429.2,193728.6741,144159.3087,1.9049911,0.045439094,4.308793437,74.08182703,4509000000
2013,Khmelnytskyi Oblast,1318377,728496,589881,0.552570319,26662.48322,0.020223717,0,0,0,488973.2,484254.1,4719.1,256680.0443,254202.8149,1.9049911,0.045439094,4.308793437,74.08182703,4509000000
2013,Kirovohrad Oblast,999285,621549,377736,0.621993726,15623.82953,0.015635009,0,0,0,857324.6,242605.6,614719,450041.2627,127352.616,1.9049911,0.045439094,4.308793437,74.08182703,4509000000
2013,Kyiv,2813463,2813463,0,1,30969.02353,0.011007439,0,0,0,1973749.9,4734789.3,2761039.4,1036094.027,2485465.313,1.9049911,0.045439094,4.308793437,74.08182703,4509000000
2013,Kyiv,2813463,2813463,0,1,30969.02353,0.011007439,0,0,0,12341528,26672875.3,14331347.3,6478522.656,14001574.76,1.9049911,0.045439094,4.308793437,74.08182703,4509000000
2013,Kyiv Oblast,1722997,1062976,660021,0.61693433,30648.32402,0.017787799,0,0,0,,,,,,1.9049911,0.045439094,4.308793437,74.08182703,4509000000
2013,Luhansk Oblast,2263676,1963808,299868,0.867530512,19152.64076,0.008460858,0,0,0,3544014.9,1849914.2,1694100.7,1860383.967,971088.1064,1.9049911,0.045439094,4.308793437,74.08182703,4509000000
2013,Lviv Oblast,2539031,1542827,996204,0.607644019,23343.81925,0.009193987,0,0,0,1290873.7,2655042.5,1364168.8,677627.1553,1393729.609,1.9049911,0.045439094,4.308793437,74.08182703,4509000000
2013,Mykolaiv Oblast,1175598,796491,379107,0.677519866,12648.71142,0.010759385,0,0,0,2174097.7,927843.2,1246254.5,1141263.967,487059.0734,1.9049911,0.045439094,4.308793437,74.08182703,4509000000
2013,Odesa Oblast,2387282,1592602,794680,0.667119343,13691.61705,0.005735232,0,0,0,1628431.2,3438643.8,1810212.6,854823.5212,1805070.795,1.9049911,0.045439094,4.308793437,74.08182703,4509000000
2013,Poltava Oblast,1472541,902163,570378,0.612657305,23496.47199,0.015956413,0,0,0,2654641.1,1111626.5,1543014.6,1393518.899,583533.6973,1.9049911,0.045439094,4.308793437,74.08182703,4509000000
2013,Rivne Oblast,1156009,550979,605030,0.476621722,30862.6708,0.026697604,0,0,0,482649.1,328056.9,154592.2,253360.2913,172209.151,1.9049911,0.045439094,4.308793437,74.08182703,4509000000
2013,Sevastopol,381685,358029,23656,0.938022191,8694.030123,0.022778024,0,0,0,96244.4,106961.3,10716.9,50522.23079,56147.92636,1.9049911,0.045439094,4.308793437,74.08182703,4509000000
2013,Sumy Oblast,1147749,776602,371147,0.676630518,32102.44528,0.027969918,0,0,0,924718.6,645422.3,279296.3,485418.8558,338805.9398,1.9049911,0.045439094,4.308793437,74.08182703,4509000000
2013,Ternopil Oblast,1078933,474494,604439,0.439780783,25531.82875,0.023663961,0,0,0,365085.6,349698.6,15387,191646.8796,183569.6765,1.9049911,0.045439094,4.308793437,74.08182703,4509000000
2013,Vinnytsia Oblast,1631305,814884,816421,0.499528905,20048.67822,0.012289963,0,0,0,679307.9,496105.5,183202.4,356593.7395,260424.0513,1.9049911,0.045439094,4.308793437,74.08182703,4509000000
2013,Volyn Oblast,1040606,540499,500107,0.519407922,30102.08546,0.028927457,0,0,0,628811.2,1089007.1,460195.9,330086.1616,571659.9411,1.9049911,0.045439094,4.308793437,74.08182703,4509000000
2013,Zakarpattia Oblast,1252608,465608,787000,0.371710862,12539.66365,0.010010844,0,0,0,1299965.6,2062449.2,762483.6,682399.8285,1082655.557,1.9049911,0.045439094,4.308793437,74.08182703,4509000000
2013,Zaporizhzhia Oblast,1786905,1375589,411316,0.769816526,10283.65247,0.005755008,0,0,0,3678506.8,1759889.1,1918617.7,1930983.72,923830.6153,1.9049911,0.045439094,4.308793437,74.08182703,4509000000
2013,Zhytomyr Oblast,1270939,739171,531768,0.581594396,29130.6815,0.022920598,0,0,0,606116.3,383772.5,222343.8,318172.7726,201456.3218,1.9049911,0.045439094,4.308793437,74.08182703,4509000000
2014,Cherkasy Oblast,1274125,716992,557133,0.562732856,25256.09807,0.019822308,0,0,0,624208.2,416283,207925.2,467557.2909,311812.8723,1.3350411,10.07889498,15.90173752,81.14446307,847000000
2014,Chernihiv Oblast,1083827,686182,397645,0.633110266,23455.87249,0.021641713,0,0,0,699999.4,528657.6,171341.8,524327.9776,395986.0112,1.3350411,10.07889498,15.90173752,81.14446307,847000000
2014,Chernivtsi Oblast,905189,382980,522209,0.423093962,19204.23011,0.021215713,0,0,0,129218.2,111517.9,17700.3,96789.67936,83531.43585,1.3350411,10.07889498,15.90173752,81.14446307,847000000
2014,Crimea,1963770,1231648,732122,0.627185465,10887.33565,0.005544099,2,3,1.791759469,,,,,,1.3350411,10.07889498,15.90173752,81.14446307,847000000
2014,Dnipropetrovsk Oblast,3312064,2764331,547733,0.834624874,14754.43733,0.004454756,1,1,1.098612289,8763868.4,4634206.4,4129662,6564493.333,3471208.789,1.3350411,10.07889498,15.90173752,81.14446307,847000000
2014,Donetsk Oblast,4387702,3973317,414385,0.905557624,12899.94892,0.002940024,855,2644,8.160518247,8402968,2122394.6,6280573.4,6294164.277,1589759.746,1.3350411,10.07889498,15.90173752,81.14446307,847000000
2014,Ivano-Frankivsk Oblast,1381184,597866,783318,0.432864846,19685.82674,0.014252863,0,0,0,487793.8,481926.9,5866.9,365377.3655,360982.8192,1.3350411,10.07889498,15.90173752,81.14446307,847000000
2014,Kharkiv Oblast,2732086,2189069,543017,0.801244544,18679.47838,0.006837076,0,0,0,1821052.1,1888819.2,67767.1,1364041.976,1414802.286,1.3350411,10.07889498,15.90173752,81.14446307,847000000
2014,Kherson Oblast,1081336,660668,420668,0.610973832,12795.73557,0.011833265,0,0,0,359947.5,186302.9,173644.6,269615.295,139548.4379,1.3350411,10.07889498,15.90173752,81.14446307,847000000
2014,Khmelnytskyi Oblast,1318377,728496,589881,0.552570319,24503.24994,0.01858592,0,0,0,506309.1,346950.3,159358.8,379246.0771,259879.8644,1.3350411,10.07889498,15.90173752,81.14446307,847000000
2014,Kirovohrad Oblast,999285,621549,377736,0.621993726,18222.89795,0.018235937,0,0,0,820663,201744.2,618918.8,614709.9142,151114.5986,1.3350411,10.07889498,15.90173752,81.14446307,847000000
2014,Kyiv,2813463,2813463,0,1,20215.4889,0.007185269,6,88,4.553876892,1852294.6,3759061.5,1906766.9,1387443.877,2815689.719,1.3350411,10.07889498,15.90173752,81.14446307,847000000
2014,Kyiv,2813463,2813463,0,1,20215.4889,0.007185269,6,88,4.553876892,11469613,20179903.7,8710290.7,8591205.919,15115567.38,1.3350411,10.07889498,15.90173752,81.14446307,847000000
2014,Kyiv Oblast,1722997,1062976,660021,0.61693433,19146.78202,0.011112487,0,0,0,,,,,,1.3350411,10.07889498,15.90173752,81.14446307,847000000
2014,Luhansk Oblast,2263676,1963808,299868,0.867530512,18889.42554,0.00834458,386,1200,7.369600721,1902640.3,1017230.1,885410.2,1425154.851,761946.6547,1.3350411,10.07889498,15.90173752,81.14446307,847000000
2014,Lviv Oblast,2539031,1542827,996204,0.607644019,21814.30814,0.008591588,0,0,0,1305077.7,2472001.5,1166923.8,977556.1966,1851629.512,1.3350411,10.07889498,15.90173752,81.14446307,847000000
2014,Mykolaiv Oblast,1175598,796491,379107,0.677519866,22223.4027,0.018903913,0,0,0,1837492.1,631269.2,1206222.9,1376356.204,472846.2667,1.3350411,10.07889498,15.90173752,81.14446307,847000000
2014,Odesa Oblast,2387282,1592602,794680,0.667119343,16553.45882,0.006934019,1,45,3.850147602,1780071.2,2078630.6,298559.4,1333345.618,1556978.733,1.3350411,10.07889498,15.90173752,81.14446307,847000000
2014,Poltava Oblast,1472541,902163,570378,0.612657305,19193.55035,0.013034306,0,0,0,2124454.2,1096895.6,1027558.6,1591302.47,821619.3494,1.3350411,10.07889498,15.90173752,81.14446307,847000000
2014,Rivne Oblast,1156009,550979,605030,0.476621722,25391.94212,0.021965177,0,0,0,473273.1,283053.7,190219.4,354500.7715,212018.7161,1.3350411,10.07889498,15.90173752,81.14446307,847000000
2014,Sevastopol,381685,358029,23656,0.938022191,12789.85246,0.033508921,0,0,0,,,,,,1.3350411,10.07889498,15.90173752,81.14446307,847000000
2014,Sumy Oblast,1147749,776602,371147,0.676630518,22616.7891,0.019705344,0,0,0,738541.2,553190.9,185350.3,553197.351,414362.4492,1.3350411,10.07889498,15.90173752,81.14446307,847000000
2014,Ternopil Oblast,1078933,474494,604439,0.439780783,22337.04473,0.020702903,0,0,0,358973.9,303686.3,55287.6,268886.0291,227473.3714,1.3350411,10.07889498,15.90173752,81.14446307,847000000
2014,Vinnytsia Oblast,1631305,814884,816421,0.499528905,15444.60027,0.009467635,0,0,0,742207.2,428193.1,314014.1,555943.3339,320734.0208,1.3350411,10.07889498,15.90173752,81.14446307,847000000
2014,Volyn Oblast,1040606,540499,500107,0.519407922,23772.89499,0.022845241,0,0,0,685422.1,765457.7,80035.6,513408.9879,573358.9026,1.3350411,10.07889498,15.90173752,81.14446307,847000000
2014,Zakarpattia Oblast,1252608,465608,787000,0.371710862,19539.88489,0.015599361,0,0,0,1382795.9,1734557,351761.1,1035770.285,1299253.633,1.3350411,10.07889498,15.90173752,81.14446307,847000000
2014,Zaporizhzhia Oblast,1786905,1375589,411316,0.769816526,15409.51214,0.008623577,0,0,0,3730223.7,1582361.4,2147862.3,2794089.036,1185252.948,1.3350411,10.07889498,15.90173752,81.14446307,847000000
2014,Zhytomyr Oblast,1270939,739171,531768,0.581594396,19439.90067,0.015295699,0,0,0,664305.7,285932,378373.7,497591.9468,214174.6797,1.3350411,10.07889498,15.90173752,81.14446307,847000000
2015,Cherkasy Oblast,1274125,716992,557133,0.562732856,16474.23064,0.012929839,0,0,0,434189.9,228094.4,206095.5,4.77E-06,2.51E-06,91030967789,9.772987213,38.88167976,83.09699637,198000000
2015,Chernihiv Oblast,1083827,686182,397645,0.633110266,23448.28089,0.021634708,0,0,0,551601.7,379972.4,171629.3,6.06E-06,4.17E-06,91030967789,9.772987213,38.88167976,83.09699637,198000000
2015,Chernivtsi Oblast,905189,382980,522209,0.423093962,17020.85067,0.018803643,0,0,0,108294.5,78384.1,29910.4,1.19E-06,8.61E-07,91030967789,9.772987213,38.88167976,83.09699637,198000000
2015,Crimea,1963770,1231648,732122,0.627185465,10052.60345,0.005119033,,,0,,,,,,91030967789,9.772987213,38.88167976,83.09699637,198000000
2015,Dnipropetrovsk Oblast,3312064,2764331,547733,0.834624874,21409.14061,0.006463988,0,0,0,6398976.4,3225259.1,3173717.3,7.03E-05,3.54E-05,91030967789,9.772987213,38.88167976,83.09699637,198000000
2015,Donetsk Oblast,4387702,3973317,414385,0.905557624,17717.63025,0.00403802,657,1185,7.519149958,3695324.4,1202633.4,2492691,4.06E-05,1.32E-05,91030967789,9.772987213,38.88167976,83.09699637,198000000
2015,Ivano-Frankivsk Oblast,1381184,597866,783318,0.432864846,18262.76172,0.013222541,0,0,0,373000.4,294496.8,78503.6,4.10E-06,3.24E-06,91030967789,9.772987213,38.88167976,83.09699637,198000000
2015,Kharkiv Oblast,2732086,2189069,543017,0.801244544,26428.46143,0.009673364,0,0,0,1311586.9,1284945.9,26641,1.44E-05,1.41E-05,91030967789,9.772987213,38.88167976,83.09699637,198000000
2015,Kherson Oblast,1081336,660668,420668,0.610973832,16950.77524,0.015675771,0,0,0,238440,140901.5,97538.5,2.62E-06,1.55E-06,91030967789,9.772987213,38.88167976,83.09699637,198000000
2015,Khmelnytskyi Oblast,1318377,728496,589881,0.552570319,19690.28599,0.014935247,0,0,0,401620.9,259270.4,142350.5,4.41E-06,2.85E-06,91030967789,9.772987213,38.88167976,83.09699637,198000000
2015,Kirovohrad Oblast,999285,621549,377736,0.621993726,17831.92389,0.017844683,0,0,0,406551.9,105420.5,301131.4,4.47E-06,1.16E-06,91030967789,9.772987213,38.88167976,83.09699637,198000000
2015,Kyiv,2813463,2813463,0,1,17586.30544,0.006250768,0,0,0,1690436.6,2587043.9,896607.3,1.86E-05,2.84E-05,91030967789,9.772987213,38.88167976,83.09699637,198000000
2015,Kyiv,2813463,2813463,0,1,17586.30544,0.006250768,0,0,0,8742884.2,14495410.9,5752526.7,9.60E-05,0.000159236,91030967789,9.772987213,38.88167976,83.09699637,198000000
2015,Kyiv Oblast,1722997,1062976,660021,0.61693433,17250.79327,0.010012085,0,0,0,,,,,,91030967789,9.772987213,38.88167976,83.09699637,198000000
2015,Luhansk Oblast,2263676,1963808,299868,0.867530512,25661.62865,0.011336264,172,277,6.109247583,257771.8,318426.2,60654.4,2.83E-06,3.50E-06,91030967789,9.772987213,38.88167976,83.09699637,198000000
2015,Lviv Oblast,2539031,1542827,996204,0.607644019,17652.64996,0.006952515,0,0,0,1206324.8,1447944.9,241620.1,1.33E-05,1.59E-05,91030967789,9.772987213,38.88167976,83.09699637,198000000
2015,Mykolaiv Oblast,1175598,796491,379107,0.677519866,18723.40872,0.01592671,0,0,0,1603063.6,574741.1,1028322.5,1.76E-05,6.31E-06,91030967789,9.772987213,38.88167976,83.09699637,198000000
2015,Odesa Oblast,2387282,1592602,794680,0.667119343,13435.95453,0.005628139,0,0,0,1727480.4,967276,760204.4,1.90E-05,1.06E-05,91030967789,9.772987213,38.88167976,83.09699637,198000000
2015,Poltava Oblast,1472541,902163,570378,0.612657305,24376.83276,0.016554264,0,0,0,1481082,814488.8,666593.2,1.63E-05,8.95E-06,91030967789,9.772987213,38.88167976,83.09699637,198000000
2015,Rivne Oblast,1156009,550979,605030,0.476621722,17787.96466,0.015387393,0,0,0,378286.5,202338.5,175948,4.16E-06,2.22E-06,91030967789,9.772987213,38.88167976,83.09699637,198000000
2015,Sevastopol,381685,358029,23656,0.938022191,7552.978892,0.019788514,0,0,0,,,,,,91030967789,9.772987213,38.88167976,83.09699637,198000000
2015,Sumy Oblast,1147749,776602,371147,0.676630518,23896.0689,0.020819943,0,0,0,606604.7,403547.9,203056.8,6.66E-06,4.43E-06,91030967789,9.772987213,38.88167976,83.09699637,198000000
2015,Ternopil Oblast,1078933,474494,604439,0.439780783,17847.66195,0.016541956,0,0,0,290982.8,259432.7,31550.1,3.20E-06,2.85E-06,91030967789,9.772987213,38.88167976,83.09699637,198000000
2015,Vinnytsia Oblast,1631305,814884,816421,0.499528905,16462.93598,0.010091881,0,0,0,846856,266668.6,580187.4,9.30E-06,2.93E-06,91030967789,9.772987213,38.88167976,83.09699637,198000000
2015,Volyn Oblast,1040606,540499,500107,0.519407922,17391.80785,0.016713154,0,0,0,631693.7,622087.5,9606.2,6.94E-06,6.83E-06,91030967789,9.772987213,38.88167976,83.09699637,198000000
2015,Zakarpattia Oblast,1252608,465608,787000,0.371710862,15951.60835,0.012734717,0,0,0,1094379.6,1011507,82872.6,1.20E-05,1.11E-05,91030967789,9.772987213,38.88167976,83.09699637,198000000
2015,Zaporizhzhia Oblast,1786905,1375589,411316,0.769816526,15202.02353,0.00850746,0,0,0,2931027.4,1085450.6,1845576.8,3.22E-05,1.19E-05,91030967789,9.772987213,38.88167976,83.09699637,198000000
2015,Zhytomyr Oblast,1270939,739171,531768,0.581594396,19300.41334,0.015185948,0,0,0,441318.7,246377.7,194941,4.85E-06,2.71E-06,91030967789,9.772987213,38.88167976,83.09699637,198000000
2016,Cherkasy Oblast,1246166,707539,538627,0.567772672,26025.44017,0.020884409,0,0,0,474333.1,291226.2,183106.9,5.08E-06,3.12E-06,93355869404,2.440981945,17.09713492,80.99330067,4128000000
2016,Chernihiv Oblast,1047023,676001,371022,0.645641022,31102.69636,0.029705839,0,0,0,432794.5,473944.1,41149.6,4.64E-06,5.08E-06,93355869404,2.440981945,17.09713492,80.99330067,4128000000
2016,Chernivtsi Oblast,910001,391491,518510,0.430209417,16559.2577,0.018196966,0,0,0,119319.1,95758.4,23560.7,1.28E-06,1.03E-06,93355869404,2.440981945,17.09713492,80.99330067,4128000000
2016,Crimea,1963770,1231648,732122,0.627185465,10218.7713,0.00520365,,,1.386294361,,,,,,93355869404,2.440981945,17.09713492,80.99330067,4128000000
2016,Dnipropetrovsk Oblast,3258705,2724872,533833,0.836182471,18200.79944,0.005585286,0,0,0,5864832.5,3443565.6,2421266.9,6.28E-05,3.69E-05,93355869404,2.440981945,17.09713492,80.99330067,4128000000
2016,Donetsk Oblast,4387702,3973317,414385,0.905557624,14890.23961,0.003393631,394,556,6.857514063,3430783.8,1110777.2,2320006.6,3.67E-05,1.19E-05,93355869404,2.440981945,17.09713492,80.99330067,4128000000
2016,Ivano-Frankivsk Oblast,1382721,603858,778863,0.436717169,21831.3657,0.015788699,0,0,0,573736.5,405969.7,167766.8,6.15E-06,4.35E-06,93355869404,2.440981945,17.09713492,80.99330067,4128000000
2016,Kharkiv Oblast,2720342,2193027,527315,0.806158564,25431.45569,0.009348624,0,0,0,1027843,1489451.2,461608.2,1.10E-05,1.60E-05,93355869404,2.440981945,17.09713492,80.99330067,4128000000
2016,Kherson Oblast,1063803,651241,412562,0.612181955,10163.92898,0.009554334,0,0,0,246567,166342,80225,2.64E-06,1.78E-06,93355869404,2.440981945,17.09713492,80.99330067,4128000000
2016,Khmelnytskyi Oblast,1296103,729963,566140,0.563198295,21623.34226,0.016683352,0,0,0,318695.5,331906.5,13211,3.41E-06,3.56E-06,93355869404,2.440981945,17.09713492,80.99330067,4128000000
2016,Kirovohrad Oblast,974724,612237,362487,0.628113189,22762.68389,0.023352953,0,0,0,427431.4,183997.8,243433.6,4.58E-06,1.97E-06,93355869404,2.440981945,17.09713492,80.99330067,4128000000
2016,Kyiv,2900920,2900920,0,1,30406.12133,0.010481544,0,0,0,1705127.2,2951643.4,1246516.2,1.83E-05,3.16E-05,93355869404,2.440981945,17.09713492,80.99330067,4128000000
2016,Kyiv,2900920,2900920,0,1,30406.12133,0.010481544,0,0,0,8568787,16136956.9,7568169.9,9.18E-05,0.000172854,93355869404,2.440981945,17.09713492,80.99330067,4128000000
2016,Kyiv Oblast,1731673,1077600,654073,0.622288388,29442.4725,0.017002328,0,0,0,,,,,,93355869404,2.440981945,17.09713492,80.99330067,4128000000
2016,Luhansk Oblast,2263676,1963808,299868,0.867530512,21792.98784,0.009627256,98,120,5.38907173,435726.5,357396.1,78330.4,4.67E-06,3.83E-06,93355869404,2.440981945,17.09713492,80.99330067,4128000000
2016,Lviv Oblast,2535476,1545628,989848,0.609600722,25321.45516,0.009986864,0,0,0,1275566.1,1699411.8,423845.7,1.37E-05,1.82E-05,93355869404,2.440981945,17.09713492,80.99330067,4128000000
2016,Mykolaiv Oblast,1159634,791227,368407,0.682307521,16088.66747,0.013873918,0,0,0,1666363.1,685781.5,980581.6,1.78E-05,7.35E-06,93355869404,2.440981945,17.09713492,80.99330067,4128000000
2016,Odesa Oblast,2387282,1592602,794680,0.667119343,14109.75109,0.005910383,0,0,0,1520473.9,1231360.6,289113.3,1.63E-05,1.32E-05,93355869404,2.440981945,17.09713492,80.99330067,4128000000
2016,Poltava Oblast,1440684,892177,548507,0.619273206,25405.63784,0.017634428,0,0,0,1436045,842723.6,593321.4,1.54E-05,9.03E-06,93355869404,2.440981945,17.09713492,80.99330067,4128000000
2016,Rivne Oblast,1162049,553247,608802,0.476096103,24695.30318,0.021251516,0,0,0,318252,254974.3,63277.7,3.41E-06,2.73E-06,93355869404,2.440981945,17.09713492,80.99330067,4128000000
2016,Sevastopol,381685,358029,23656,0.938022191,10718.2887,0.028081504,0,0,0,,,,,,93355869404,2.440981945,17.09713492,80.99330067,4128000000
2016,Sumy Oblast,1115051,764436,350615,0.685561468,28613.15151,0.025660846,0,0,0,542240,436915.6,105324.4,5.81E-06,4.68E-06,93355869404,2.440981945,17.09713492,80.99330067,4128000000
2016,Ternopil Oblast,1066523,475443,591080,0.445787855,24291.2722,0.022776135,0,0,0,294260.9,274896.3,19364.6,3.15E-06,2.94E-06,93355869404,2.440981945,17.09713492,80.99330067,4128000000
2016,Vinnytsia Oblast,1604270,813906,790364,0.507337294,21540.39018,0.013426911,0,0,0,982955.8,299390.4,683565.4,1.05E-05,3.21E-06,93355869404,2.440981945,17.09713492,80.99330067,4128000000
2016,Volyn Oblast,1042855,545568,497287,0.523148472,24682.81373,0.0236685,0,0,0,611874.2,1130757.2,518883,6.55E-06,1.21E-05,93355869404,2.440981945,17.09713492,80.99330067,4128000000
2016,Zakarpattia Oblast,1259497,466985,792512,0.37077103,19061.65124,0.015134336,0,0,0,1211902.4,1133380.9,78521.5,1.30E-05,1.21E-05,93355869404,2.440981945,17.09713492,80.99330067,4128000000
2016,Zaporizhzhia Oblast,1755663,1355126,400537,0.771859975,15339.20288,0.008736986,0,0,0,2292804.6,998432,1294372.6,2.46E-05,1.07E-05,93355869404,2.440981945,17.09713492,80.99330067,4128000000
2016,Zhytomyr Oblast,1249225,734462,514763,0.587934119,23568.54958,0.018866537,0,0,0,484674.8,336693,147981.8,5.19E-06,3.61E-06,93355869404,2.440981945,17.09713492,80.99330067,4128000000
2017,Cherkasy Oblast,1246166,707539,538627,0.567772672,22559.15188,0.018102847,0,0,0,617781.3,403227.5,214553.8,551142.1022,359731.9181,1.1209111,2.359972281,22.0983175,82.85625971,3680000000
2017,Chernihiv Oblast,1047023,676001,371022,0.645641022,32751.65134,0.031280737,0,0,0,625068.7,445058.4,180010.3,557643.4206,397050.5779,1.1209111,2.359972281,22.0983175,82.85625971,3680000000
2017,Chernivtsi Oblast,910001,391491,518510,0.430209417,14230.66241,0.015638073,0,0,0,149780.6,113196.8,36583.8,133623.9779,100986.4208,1.1209111,2.359972281,22.0983175,82.85625971,3680000000
2017,Crimea,1963770,1231648,732122,0.627185465,7825.743442,0.003985061,,,0,,,,,,1.1209111,2.359972281,22.0983175,82.85625971,3680000000
2017,Dnipropetrovsk Oblast,3258705,2724872,533833,0.836182471,18447.33282,0.00566094,1,3,1.609437912,7052759.5,4609551.3,2443208.2,6291988.276,4112325.5,1.1209111,2.359972281,22.0983175,82.85625971,3680000000
2017,Donetsk Oblast,4387702,3973317,414385,0.905557624,13277.42519,0.003026054,167,367,6.282266747,4432600.2,2033912.3,2398687.9,3954461.866,1814517.048,1.1209111,2.359972281,22.0983175,82.85625971,3680000000
2017,Ivano-Frankivsk Oblast,1382721,603858,778863,0.436717169,15624.74574,0.011299999,0,0,0,665400.5,637204.4,28196.1,593624.6862,568470.0598,1.1209111,2.359972281,22.0983175,82.85625971,3680000000
2017,Kharkiv Oblast,2720342,2193027,527315,0.806158564,23604.68882,0.008677103,0,0,0,1191537.1,1619368.9,96427831.8,1063007.673,1444689.86,1.1209111,2.359972281,22.0983175,82.85625971,3680000000
2017,Kherson Oblast,1063803,651241,412562,0.612181955,11843.71043,0.011133368,0,0,0,289153.3,201428,87725.3,257962.7412,179700.2456,1.1209111,2.359972281,22.0983175,82.85625971,3680000000
2017,Khmelnytskyi Oblast,1296103,729963,566140,0.563198295,19815.37981,0.01528843,0,0,0,467642.2,414264.3,53377.9,417198.2952,369578.194,1.1209111,2.359972281,22.0983175,82.85625971,3680000000
2017,Kirovohrad Oblast,974724,612237,362487,0.628113189,17597.11332,0.018053432,0,0,0,415614.8,236115,179499.8,370783.0175,210645.6078,1.1209111,2.359972281,22.0983175,82.85625971,3680000000
2017,Kyiv,2900920,2900920,0,1,24697.18467,0.00851357,0,0,0,1748405.8,3404074.6,961655668.8,1559807.731,3036881.872,1.1209111,2.359972281,22.0983175,82.85625971,3680000000
2017,Kyiv,2900920,2900920,0,1,24697.18467,0.00851357,0,0,0,9738299.2,19848604.5,9610110305,8687842.595,17707563.52,1.1209111,2.359972281,22.0983175,82.85625971,3680000000
2017,Kyiv Oblast,1731673,1077600,654073,0.622288388,24584.32834,0.014196865,0,0,0,,,,,,1.1209111,2.359972281,22.0983175,82.85625971,3680000000
2017,Luhansk Oblast,2263676,1963808,299868,0.867530512,22329.32853,0.009864189,38,61,4.605170186,233904.7,273151.6,9639246.9,208673.7298,243687.122,1.1209111,2.359972281,22.0983175,82.85625971,3680000000
2017,Lviv Oblast,2535476,1545628,989848,0.609600722,21492.0511,0.008476535,0,0,0,1585154.1,2180388.2,96595234.1,1414165.762,1945192.799,1.1209111,2.359972281,22.0983175,82.85625971,3680000000
2017,Mykolaiv Oblast,1159634,791227,368407,0.682307521,16352.03147,0.014101028,0,0,0,1900646.2,781715.6,1118930.6,1695626.174,697393.0404,1.1209111,2.359972281,22.0983175,82.85625971,3680000000
2017,Odesa Oblast,2387282,1592602,794680,0.667119343,14283.69276,0.005983245,0,0,0,1813852.2,1427930.8,385921.4,1618194.521,1273901.918,1.1209111,2.359972281,22.0983175,82.85625971,3680000000
2017,Poltava Oblast,1440684,892177,548507,0.619273206,25182.08328,0.017479255,0,0,0,1864524.1,1149719.4,714804.7,1663400.514,1025700.789,1.1209111,2.359972281,22.0983175,82.85625971,3680000000
2017,Rivne Oblast,1162049,553247,608802,0.476096103,24804.39833,0.021345398,0,0,0,383300.6,341245.3,42055.3,341954.5047,304435.6506,1.1209111,2.359972281,22.0983175,82.85625971,3680000000
2017,Sevastopol,381685,358029,23656,0.938022191,6145.01759,0.016099709,0,0,0,,,,,,1.1209111,2.359972281,22.0983175,82.85625971,3680000000
2017,Sumy Oblast,1115051,764436,350615,0.685561468,29944.95849,0.026855237,0,0,0,672733.3,551131.3,121602,600166.5074,491681.5437,1.1209111,2.359972281,22.0983175,82.85625971,3680000000
2017,Ternopil Oblast,1066523,475443,591080,0.445787855,21146.06358,0.019827105,0,0,0,380193.7,351695.2,28498.5,339182.7416,313758.3346,1.1209111,2.359972281,22.0983175,82.85625971,3680000000
2017,Vinnytsia Oblast,1604270,813906,790364,0.507337294,16633.76831,0.010368434,0,0,0,1217714,407075.5,810638.5,1086360.908,363164.8397,1.1209111,2.359972281,22.0983175,82.85625971,3680000000
2017,Volyn Oblast,1042855,545568,497287,0.523148472,21276.22694,0.020401903,0,0,0,689287.7,1334974,96645686.3,614935.2076,1190972.237,1.1209111,2.359972281,22.0983175,82.85625971,3680000000
2017,Zakarpattia Oblast,1259497,466985,792512,0.37077103,16131.97139,0.012808265,0,0,0,1446423.2,1341735.6,104687.6,1290399.569,1197004.473,1.1209111,2.359972281,22.0983175,82.85625971,3680000000
2017,Zaporizhzhia Oblast,1755663,1355126,400537,0.771859975,13425.31179,0.007646861,0,0,0,2980860.6,1328178.1,1652682.5,2659319.37,1184909.401,1.1209111,2.359972281,22.0983175,82.85625971,3680000000
2017,Zhytomyr Oblast,1249225,734462,514763,0.587934119,21735.0715,0.017398844,0,0,0,589727.3,449904.4,139822.9,526114.2476,401373.8467,1.1209111,2.359972281,22.0983175,82.85625971,3680000000
2018,Cherkasy Oblast,1246166,707539,538627,0.567772672,33137.09164,0.026591234,0,0,0,785641.5,398120.2,387521.3,600225.2559,304161.3751,1.3089111,3.48836234,15.39853035,79.85570398,4975000000
2018,Chernihiv Oblast,1047023,676001,371022,0.645641022,31299.67062,0.029893967,0,0,0,754951.9,483320.3,271631.6,576778.591,369253.7255,1.3089111,3.48836234,15.39853035,79.85570398,4975000000
2018,Chernivtsi Oblast,910001,391491,518510,0.430209417,25103.00068,0.027585685,0,0,0,200132.6,139620.2,60512.4,152900.0709,106668.9709,1.3089111,3.48836234,15.39853035,79.85570398,4975000000
2018,Crimea,1963770,1231648,732122,0.627185465,9174.058996,0.004671657,,,0,,,,,,1.3089111,3.48836234,15.39853035,79.85570398,4975000000
2018,Dnipropetrovsk Oblast,3258705,2724872,533833,0.836182471,19529.89121,0.005993145,0,0,0,7722596.4,5264893.3,2457703.1,5900015.975,4022345.979,1.3089111,3.48836234,15.39853035,79.85570398,4975000000
2018,Donetsk Oblast,4387702,3973317,414385,0.905557624,16266.31079,0.003707251,71,112,5.214935758,4845441.4,2247213.8,2598227.6,3701887.317,1716857.47,1.3089111,3.48836234,15.39853035,79.85570398,4975000000
2018,Ivano-Frankivsk Oblast,1382721,603858,778863,0.436717169,25839.39846,0.018687355,0,0,0,871353.5,833540.8,37812.7,665708.6948,636820.0254,1.3089111,3.48836234,15.39853035,79.85570398,4975000000
2018,Kharkiv Oblast,2720342,2193027,527315,0.806158564,28753.90187,0.010569958,0,0,0,1278984.9,1738890.7,96459905.8,977136.5679,1328501.76,1.3089111,3.48836234,15.39853035,79.85570398,4975000000
2018,Kherson Oblast,1063803,651241,412562,0.612181955,15953.75633,0.014996909,0,0,0,269932.7,327736.7,9657804,206226.9164,250388.8156,1.3089111,3.48836234,15.39853035,79.85570398,4975000000
2018,Khmelnytskyi Oblast,1296103,729963,566140,0.563198295,28165.66431,0.021731039,0,0,0,638152,446557.1,191594.9,487544.1884,341166.8676,1.3089111,3.48836234,15.39853035,79.85570398,4975000000
2018,Kirovohrad Oblast,974724,612237,362487,0.628113189,28031.13904,0.028758027,0,0,0,521761,263055.7,258705.3,398622.183,200972.9309,1.3089111,3.48836234,15.39853035,79.85570398,4975000000
2018,Kyiv,2900920,2900920,0,1,30777.9328,0.010609714,0,0,0,1856333,3642341.6,961786008.6,1418226.952,2782726.497,1.3089111,3.48836234,15.39853035,79.85570398,4975000000
2018,Kyiv,2900920,2900920,0,1,30777.9328,0.010609714,0,0,0,10248192.3,23536557.9,9613288366,7829555.651,17981784.94,1.3089111,3.48836234,15.39853035,79.85570398,4975000000
2018,Kyiv Oblast,1731673,1077600,654073,0.622288388,31738.76809,0.018328384,0,0,0,,,,,,1.3089111,3.48836234,15.39853035,79.85570398,4975000000
2018,Luhansk Oblast,2263676,1963808,299868,0.867530512,26573.12978,0.011738928,27,46,4.304065093,202920.8,285036,9682115.2,155030.2385,217765.7444,1.3089111,3.48836234,15.39853035,79.85570398,4975000000
2018,Lviv Oblast,2535476,1545628,989848,0.609600722,23766.27238,0.009373495,0,0,0,1895635.5,2707300.7,96811665.2,1448253.82,2068361.022,1.3089111,3.48836234,15.39853035,79.85570398,4975000000
2018,Mykolaiv Oblast,1159634,791227,368407,0.682307521,18285.7114,0.01576852,0,0,0,2112586.3,740041.3,1372545,1614002.891,565386.9846,1.3089111,3.48836234,15.39853035,79.85570398,4975000000
2018,Odesa Oblast,2387282,1592602,794680,0.667119343,16988.17537,0.007116116,0,0,0,1668313.7,1546963.6,121350.1,1274581.368,1181870.64,1.3089111,3.48836234,15.39853035,79.85570398,4975000000
2018,Poltava Oblast,1440684,892177,548507,0.619273206,27291.45353,0.0189434,0,0,0,1905900.9,1359553.2,546347.7,1456096.522,1038690.252,1.3089111,3.48836234,15.39853035,79.85570398,4975000000
2018,Rivne Oblast,1162049,553247,608802,0.476096103,29487.3684,0.025375323,0,0,0,410890.2,298790.4,112099.8,313917.5762,228274.0211,1.3089111,3.48836234,15.39853035,79.85570398,4975000000
2018,Sevastopol,381685,358029,23656,0.938022191,877.771328,0.002299727,0,0,0,,,,,,1.3089111,3.48836234,15.39853035,79.85570398,4975000000
2018,Sumy Oblast,1115051,764436,350615,0.685561468,30402.44172,0.027265517,0,0,0,802120.7,723283,78837.7,612815.263,552583.7469,1.3089111,3.48836234,15.39853035,79.85570398,4975000000
2018,Ternopil Oblast,1066523,475443,591080,0.445787855,28831.57108,0.027033239,0,0,0,452483.7,419019.5,33464.2,345694.7534,320128.3112,1.3089111,3.48836234,15.39853035,79.85570398,4975000000
2018,Vinnytsia Oblast,1604270,813906,790364,0.507337294,29210.04888,0.018207689,0,0,0,1429320.3,563048.7,866271.6,1091991.885,430165.7309,1.3089111,3.48836234,15.39853035,79.85570398,4975000000
2018,Volyn Oblast,1042855,545568,497287,0.523148472,27646.6549,0.026510545,0,0,0,719980.9,1368504.4,96648523.5,550060.9629,1045528.913,1.3089111,3.48836234,15.39853035,79.85570398,4975000000
2018,Zakarpattia Oblast,1259497,466985,792512,0.37077103,17879.39744,0.014195665,0,0,0,1658975.7,1515819.8,143155.9,1267447.193,1158076.969,1.3089111,3.48836234,15.39853035,79.85570398,4975000000
2018,Zaporizhzhia Oblast,1755663,1355126,400537,0.771859975,11353.12414,0.006466574,0,0,0,3377247.5,1762838.2,1614409.3,2580196.241,1346797.502,1.3089111,3.48836234,15.39853035,79.85570398,4975000000
2018,Zhytomyr Oblast,1249225,734462,514763,0.587934119,29620.50178,0.023711102,0,0,0,661860.8,531984.2,129876.6,505657.5653,406432.6447,1.3089111,3.48836234,15.39853035,79.85570398,4975000000
2019,Cherkasy Oblast,1246166,707539,538627,0.567772672,25173.4854,0.020200748,0,0,0,863521.7,477387.1,386134.6,561154.3073,310227.0938,1.5388311,3.199503864,8.246226266,72.03782469,5796000000
2019,Chernihiv Oblast,1047023,676001,371022,0.645641022,28640.14703,0.027353885,0,0,0,807323.7,419383.5,387940.2,524634.38,272533.8083,1.5388311,3.199503864,8.246226266,72.03782469,5796000000
2019,Chernivtsi Oblast,910001,391491,518510,0.430209417,16380.18558,0.018000184,0,0,0,213837.3,208610,5227.3,138960.8645,135563.9355,1.5388311,3.199503864,8.246226266,72.03782469,5796000000
2019,Crimea,1963770,1231648,732122,0.627185465,6940.245782,0.003534144,,,0,,,,,,1.5388311,3.199503864,8.246226266,72.03782469,5796000000
2019,Dnipropetrovsk Oblast,3258705,2724872,533833,0.836182471,16713.6934,0.005128937,0,0,0,7907150.3,5522187.7,2384962.6,5138413.371,3588559.979,1.5388311,3.199503864,8.246226266,72.03782469,5796000000
2019,Donetsk Oblast,4387702,3973317,414385,0.905557624,12114.69894,0.002761058,132,239,5.918893854,4631582.6,2224441.9,2407140.7,3009805.69,1445539.995,1.5388311,3.199503864,8.246226266,72.03782469,5796000000
2019,Ivano-Frankivsk Oblast,1382721,603858,778863,0.436717169,17836.57012,0.012899616,0,0,0,911442.7,831778.5,79664.2,592295.4767,540526.1825,1.5388311,3.199503864,8.246226266,72.03782469,5796000000
2019,Kharkiv Oblast,2720342,2193027,527315,0.806158564,22046.70099,0.008104386,0,0,0,1415060.5,1745800.6,96330740.1,919568.4309,1134497.867,1.5388311,3.199503864,8.246226266,72.03782469,5796000000
2019,Kherson Oblast,1063803,651241,412562,0.612181955,13319.58614,0.012520726,0,0,0,268128.7,407103.5,96138974.8,174241.7995,264553.7252,1.5388311,3.199503864,8.246226266,72.03782469,5796000000
2019,Khmelnytskyi Oblast,1296103,729963,566140,0.563198295,21301.19876,0.016434804,0,0,0,642345.9,563970.4,78375.5,417424.5634,366492.723,1.5388311,3.199503864,8.246226266,72.03782469,5796000000
2019,Kirovohrad Oblast,974724,612237,362487,0.628113189,18347.59428,0.018823374,0,0,0,707025.4,250126.2,456899.2,459456.1417,162542.9847,1.5388311,3.199503864,8.246226266,72.03782469,5796000000
2019,Kyiv,2900920,2900920,0,1,18937.62083,0.006528143,0,0,0,1948367.6,4112295.7,962163928.1,1266134.795,2672350.266,1.5388311,3.199503864,8.246226266,72.03782469,5796000000
2019,Kyiv,2900920,2900920,0,1,18937.62083,0.006528143,0,0,0,12491400.9,25690337.3,9613198936,8117460.649,16694708.93,1.5388311,3.199503864,8.246226266,72.03782469,5796000000
2019,Kyiv Oblast,1731673,1077600,654073,0.622288388,23088.08825,0.013332822,0,0,0,,,,,,1.5388311,3.199503864,8.246226266,72.03782469,5796000000
2019,Luhansk Oblast,2263676,1963808,299868,0.867530512,25615.42997,0.011315855,26,31,4.060443011,152851.1,252961.3,96100110.2,99329.3546,164385.3572,1.5388311,3.199503864,8.246226266,72.03782469,5796000000
2019,Lviv Oblast,2535476,1545628,989848,0.609600722,22257.07944,0.008778265,0,0,0,2202053.5,3087739,96885685.5,1430991.029,2006548.347,1.5388311,3.199503864,8.246226266,72.03782469,5796000000
2019,Mykolaiv Oblast,1159634,791227,368407,0.682307521,14195.39865,0.012241275,0,0,0,2152519.2,988468.5,1164050.7,1398801.467,642350.2228,1.5388311,3.199503864,8.246226266,72.03782469,5796000000
2019,Odesa Oblast,2387282,1592602,794680,0.667119343,12602.71752,0.005279107,0,0,0,1384102.9,1881084.2,96496981.3,899450.8234,1222411.089,1.5388311,3.199503864,8.246226266,72.03782469,5796000000
2019,Poltava Oblast,1440684,892177,548507,0.619273206,23593.96206,0.016376917,0,0,0,2102409.2,1360177.2,742232,1366237.789,883902.8533,1.5388311,3.199503864,8.246226266,72.03782469,5796000000
2019,Rivne Oblast,1162049,553247,608802,0.476096103,22671.81735,0.019510208,0,0,0,440168.9,382551.2,57617.7,286041.0736,248598.5629,1.5388311,3.199503864,8.246226266,72.03782469,5796000000
2019,Sevastopol,381685,358029,23656,0.938022191,5540.41051,0.014515662,0,0,0,,,,,,1.5388311,3.199503864,8.246226266,72.03782469,5796000000
2019,Sumy Oblast,1115051,764436,350615,0.685561468,26791.89306,0.024027505,0,0,0,883366.5,656521.1,226845.4,574050.3295,426636.2306,1.5388311,3.199503864,8.246226266,72.03782469,5796000000
2019,Ternopil Oblast,1066523,475443,591080,0.445787855,23126.55513,0.021684066,0,0,0,434264.4,450079.8,9615815.4,282204.0703,292481.6115,1.5388311,3.199503864,8.246226266,72.03782469,5796000000
2019,Vinnytsia Oblast,1604270,813906,790364,0.507337294,21535.68971,0.013423981,0,0,0,1455291.3,631638.3,823653,945712.1708,410466.2948,1.5388311,3.199503864,8.246226266,72.03782469,5796000000
2019,Volyn Oblast,1042855,545568,497287,0.523148472,20898.81235,0.020039998,0,0,0,694002.3,1455943,96761940.7,450993.1597,946135.674,1.5388311,3.199503864,8.246226266,72.03782469,5796000000
2019,Zakarpattia Oblast,1259497,466985,792512,0.37077103,16128.39392,0.012805425,0,0,0,1489957.9,1471227.2,18730.7,968240.0492,956068.0181,1.5388311,3.199503864,8.246226266,72.03782469,5796000000
2019,Zaporizhzhia Oblast,1755663,1355126,400537,0.771859975,13221.93325,0.00753102,0,0,0,3080637.8,1529754.4,1550883.4,2001933.676,994101.5619,1.5388311,3.199503864,8.246226266,72.03782469,5796000000
2019,Zhytomyr Oblast,1249225,734462,514763,0.587934119,24710.7787,0.019780887,0,0,0,719034.6,568590.4,150444.2,467260.2471,369495.0018,1.5388311,3.199503864,8.246226266,72.03782469,5796000000
2020,Cherkasy Oblast,1246166,707539,538627,0.567772672,24818.95954,0.019916255,0,0,0,810696.9,679489.8,131207.1,517626.5376,433851.3598,1.5661811,3.75281794,10.29496014,66.10299184,304000000
2020,Chernihiv Oblast,1047023,676001,371022,0.645641022,25902.08107,0.024738789,0,0,0,890843.88,342040.34,548803.6,568800.0449,218391.3086,1.5661811,3.75281794,10.29496014,66.10299184,304000000
2020,Chernivtsi Oblast,910001,391491,518510,0.430209417,14708.67011,0.016163356,0,0,0,168433.15,170895.44,2462.2,107543.853,109116.0147,1.5661811,3.75281794,10.29496014,66.10299184,304000000
2020,Crimea,1963770,1231648,732122,0.627185465,5108.960969,0.002601609,,,0,,,,,,1.5661811,3.75281794,10.29496014,66.10299184,304000000
2020,Dnipropetrovsk Oblast,3258705,2724872,533833,0.836182471,13994.19533,0.004294404,0,0,0,7591621.92,4634191.34,2957430.58,4847218.447,2958911.546,1.5661811,3.75281794,10.29496014,66.10299184,304000000
2020,Donetsk Oblast,4387702,3973317,414385,0.905557624,8761.940702,0.001996932,83,123,5.332718793,3935012.33,1445841.81,2489170.52,2512488.709,923163.8729,1.5661811,3.75281794,10.29496014,66.10299184,304000000
2020,Ivano-Frankivsk Oblast,1382721,603858,778863,0.436717169,14886.90667,0.010766385,0,0,0,757650.47,639291.28,118359.19,483756.6167,408184.7751,1.5661811,3.75281794,10.29496014,66.10299184,304000000
2020,Kharkiv Oblast,2720342,2193027,527315,0.806158564,18656.70971,0.006858222,0,0,0,1471159.51,1797256.43,326096.92,939329.1172,1147540.62,1.5661811,3.75281794,10.29496014,66.10299184,304000000
2020,Kherson Oblast,1063803,651241,412562,0.612181955,11165.3897,0.010495731,0,0,0,280667.83,327013.67,46345.9,179205.2209,208796.8435,1.5661811,3.75281794,10.29496014,66.10299184,304000000
2020,Khmelnytskyi Oblast,1296103,729963,566140,0.563198295,19061.46755,0.014706754,0,0,0,663414.62,507284.23,156130.38,423587.4255,323898.8326,1.5661811,3.75281794,10.29496014,66.10299184,304000000
2020,Kirovohrad Oblast,974724,612237,362487,0.628113189,16030.94302,0.016446649,0,0,0,912658.68,232760.41,679898.27,582728.7023,148616.5361,1.5661811,3.75281794,10.29496014,66.10299184,304000000
2020,Kyiv,2900920,2900920,0,1,17136.14981,0.005907143,0,0,0,1967742.95,4178359.91,2210616.96,1256395.541,2667865.108,1.5661811,3.75281794,10.29496014,66.10299184,304000000
2020,Kyiv,2900920,2900920,0,1,17136.14981,0.005907143,0,0,0,12427560.39,23929025.87,11501465.48,7934944.682,15278581.69,1.5661811,3.75281794,10.29496014,66.10299184,304000000
2020,Kyiv Oblast,1731673,1077600,654073,0.622288388,20756.11482,0.011986163,0,0,0,,,,,,1.5661811,3.75281794,10.29496014,66.10299184,304000000
2020,Luhansk Oblast,2263676,1963808,299868,0.867530512,16734.12143,0.007392454,50,62,4.727387819,129599.2,212257.25,82658.05,82748.54038,135525.3553,1.5661811,3.75281794,10.29496014,66.10299184,304000000
2020,Lviv Oblast,2535476,1545628,989848,0.609600722,17094.63739,0.006742181,0,0,0,2322937.54,3443377.12,1120439.59,1483185.782,2198581.709,1.5661811,3.75281794,10.29496014,66.10299184,304000000
2020,Mykolaiv Oblast,1159634,791227,368407,0.682307521,11320.74595,0.009762344,0,0,0,2248609.39,789864.35,1458745.1,1435727.573,504325.0426,1.5661811,3.75281794,10.29496014,66.10299184,304000000
2020,Odesa Oblast,2387282,1592602,794680,0.667119343,11210.7346,0.004696024,0,0,0,1360392.26,2183765.41,823373.1,868604.6971,1394324.967,1.5661811,3.75281794,10.29496014,66.10299184,304000000
2020,Poltava Oblast,1440684,892177,548507,0.619273206,26552.19589,0.018430271,0,0,0,2317275.74,1172474.53,1144801.21,1479570.747,748620.0223,1.5661811,3.75281794,10.29496014,66.10299184,304000000
2020,Rivne Oblast,1162049,553247,608802,0.476096103,18689.06629,0.016082856,0,0,0,469433.87,383000.92,86433,299731.5381,244544.4655,1.5661811,3.75281794,10.29496014,66.10299184,304000000
2020,Sevastopol,381685,358029,23656,0.938022191,187.4173263,0.000491026,0,0,0,,,,,,1.5661811,3.75281794,10.29496014,66.10299184,304000000
2020,Sumy Oblast,1115051,764436,350615,0.685561468,25846.68959,0.023179827,0,0,0,974366.98,836050.21,138316.77,622129.1906,533814.5186,1.5661811,3.75281794,10.29496014,66.10299184,304000000
2020,Ternopil Oblast,1066523,475443,591080,0.445787855,18356.29093,0.017211341,0,0,0,448146.07,405979.94,42166.2,286139.3679,259216.4725,1.5661811,3.75281794,10.29496014,66.10299184,304000000
2020,Vinnytsia Oblast,1604270,813906,790364,0.507337294,23234.73238,0.014483056,0,0,0,1377759.99,554508.09,823251.91,879693.9192,354051.0673,1.5661811,3.75281794,10.29496014,66.10299184,304000000
2020,Volyn Oblast,1042855,545568,497287,0.523148472,19124.61029,0.018338705,0,0,0,642901.24,1315698.34,672797.1,410489.7192,840067.8185,1.5661811,3.75281794,10.29496014,66.10299184,304000000
2020,Zakarpattia Oblast,1259497,466985,792512,0.37077103,11854.36207,0.009411981,0,0,0,1349544.54,1255371.34,94173.2,861678.4738,801549.2844,1.5661811,3.75281794,10.29496014,66.10299184,304000000
2020,Zaporizhzhia Oblast,1755663,1355126,400537,0.771859975,8709.518508,0.004960815,0,0,0,2923400.27,1221278.48,1702121.79,1866578.693,779781.1377,1.5661811,3.75281794,10.29496014,66.10299184,304000000
2020,Zhytomyr Oblast,1249225,734462,514763,0.587934119,21228.37034,0.016993232,0,0,0,681049.32,527356.21,153693.12,434847.1068,336714.7069,1.5661811,3.75281794,10.29496014,66.10299184,304000000
2021,Cherkasy Oblast,1246166,707539,538627,0.567772672,24579.2114,0.019723866,0,0,0,884081.51,1053856.79,169775.28,442558.3048,527545.3329,1.9976611,3.445620659,24.80475677,70.54058201,7954000000
2021,Chernihiv Oblast,1047023,676001,371022,0.645641022,27183.15745,0.025962331,0,0,0,1189687.61,483515.11,706172.5,595540.2596,242040.6094,1.9976611,3.445620659,24.80475677,70.54058201,7954000000
2021,Chernivtsi Oblast,910001,391491,518510,0.430209417,12649.08727,0.013900081,0,0,0,207308.84,194529.28,12779.5,103775.7806,97378.51931,1.9976611,3.445620659,24.80475677,70.54058201,7954000000
2021,Crimea,1963770,1231648,732122,0.627185465,10474.13659,0.005333688,,,0,,,,,,1.9976611,3.445620659,24.80475677,70.54058201,7954000000
2021,Dnipropetrovsk Oblast,3258705,2724872,533833,0.836182471,13070.80382,0.004011042,0,0,0,12163791.85,5872329.88,6291462,6089016.726,2939602.658,1.9976611,3.445620659,24.80475677,70.54058201,7954000000
2021,Donetsk Oblast,4387702,3973317,414385,0.905557624,20891.47769,0.004761371,105,143,5.517452896,7037552.68,1892062.56,5145490.1,3522896.191,947138.9116,1.9976611,3.445620659,24.80475677,70.54058201,7954000000
2021,Ivano-Frankivsk Oblast,1382721,603858,778863,0.436717169,15783.0321,0.011414473,0,0,0,1165242.93,995715.03,169527.9,583303.6094,498440.4161,1.9976611,3.445620659,24.80475677,70.54058201,7954000000
2021,Kharkiv Oblast,2720342,2193027,527315,0.806158564,21345.1446,0.007846493,0,0,0,1801285.97,2401288.94,600002.9,901697.4751,1202050.208,1.9976611,3.445620659,24.80475677,70.54058201,7954000000
2021,Kherson Oblast,1063803,651241,412562,0.612181955,10873.7933,0.010221623,0,0,0,412772.95,267136.54,145636.5,206628.1163,133724.6543,1.9976611,3.445620659,24.80475677,70.54058201,7954000000
2021,Khmelnytskyi Oblast,1296103,729963,566140,0.563198295,23638.91294,0.018238452,0,0,0,918137.79,628633.13,289504.66,459606.3817,314684.5729,1.9976611,3.445620659,24.80475677,70.54058201,7954000000
2021,Kirovohrad Oblast,974724,612237,362487,0.628113189,21497.60463,0.022055069,0,0,0,1021478.57,292310.29,729168.28,511337.2684,146326.2663,1.9976611,3.445620659,24.80475677,70.54058201,7954000000
2021,Kyiv,2900920,2900920,0,1,27991.39171,0.009649143,0,0,0,2550544.22,5593420.12,3042875.9,1276765.223,2799984.502,1.9976611,3.445620659,24.80475677,70.54058201,7954000000
2021,Kyiv,2900920,2900920,0,1,27991.39171,0.009649143,0,0,0,15331047.61,31038987.88,15707940.26,7674498.748,15537664.46,1.9976611,3.445620659,24.80475677,70.54058201,7954000000
2021,Kyiv Oblast,1731673,1077600,654073,0.622288388,27133.64524,0.015669035,0,0,0,,,,,,1.9976611,3.445620659,24.80475677,70.54058201,7954000000
2021,Luhansk Oblast,2263676,1963808,299868,0.867530512,23894.67381,0.010555695,37,38,4.33073334,167895.88,264150.06,96254.2,84046.22786,132229.666,1.9976611,3.445620659,24.80475677,70.54058201,7954000000
2021,Lviv Oblast,2535476,1545628,989848,0.609600722,18443.94462,0.007274352,0,0,0,2932483.91,4755331.2,1822847.28,1467958.659,2380449.417,1.9976611,3.445620659,24.80475677,70.54058201,7954000000
2021,Mykolaiv Oblast,1159634,791227,368407,0.682307521,19738.83134,0.017021605,0,0,0,3457061.49,1194022.95,2263038.54,1730554.542,597710.4675,1.9976611,3.445620659,24.80475677,70.54058201,7954000000
2021,Odesa Oblast,2387282,1592602,794680,0.667119343,12655.72178,0.00530131,0,0,0,1697773.05,2311065.97,613293,849880.4177,1156885.905,1.9976611,3.445620659,24.80475677,70.54058201,7954000000
2021,Poltava Oblast,1440684,892177,548507,0.619273206,22071.09829,0.015319875,0,0,0,3189526.68,1879788.19,1309738.5,1596630.52,940994.5411,1.9976611,3.445620659,24.80475677,70.54058201,7954000000
2021,Rivne Oblast,1162049,553247,608802,0.476096103,27268.21436,0.023465632,0,0,0,703946.57,576973.22,126973.4,352385.3821,288824.3757,1.9976611,3.445620659,24.80475677,70.54058201,7954000000
2021,Sevastopol,381685,358029,23656,0.938022191,5843.361038,0.015309381,0,0,0,,,,,,1.9976611,3.445620659,24.80475677,70.54058201,7954000000
2021,Sumy Oblast,1115051,764436,350615,0.685561468,26404.49775,0.023680081,0,0,0,1060854.02,857386.94,203467.1,531048.0441,429195.3926,1.9976611,3.445620659,24.80475677,70.54058201,7954000000
2021,Ternopil Oblast,1066523,475443,591080,0.445787855,24328.46631,0.02281101,0,0,0,678877.95,530318.87,148559.09,339836.3967,265469.8888,1.9976611,3.445620659,24.80475677,70.54058201,7954000000
2021,Vinnytsia Oblast,1604270,813906,790364,0.507337294,24519.01324,0.015283595,0,0,0,1309318.85,699069.12,610249.8,655425.9128,349943.8018,1.9976611,3.445620659,24.80475677,70.54058201,7954000000
2021,Volyn Oblast,1042855,545568,497287,0.523148472,20460.64806,0.01961984,0,0,0,832547.19,1814372.17,981825,416760.9761,908248.2359,1.9976611,3.445620659,24.80475677,70.54058201,7954000000
2021,Zakarpattia Oblast,1259497,466985,792512,0.37077103,11443.09369,0.009085447,0,0,0,1684845.89,1696863.96,12018.1,843409.27,849425.3405,1.9976611,3.445620659,24.80475677,70.54058201,7954000000
2021,Zaporizhzhia Oblast,1755663,1355126,400537,0.771859975,12740.42946,0.007256763,0,0,0,4740997,2046728.01,2694269,2373273.925,1024562.179,1.9976611,3.445620659,24.80475677,70.54058201,7954000000
2021,Zhytomyr Oblast,1249225,734462,514763,0.587934119,26790.2155,0.021445469,0,0,0,771525.71,689129.74,82396,386214.5136,344968.2932,1.9976611,3.445620659,24.80475677,70.54058201,7954000000
2022,Cherkasy Oblast,1246166,707539,538627,0.567772672,16420.3666,0.013176709,13,14,3.33220451,1293904.68,606978.6,686926,798750.4746,374698.7334,1.619911,28.75858422,34.91528514,61.37927908,221000000
2022,Chernihiv Oblast,1047023,676001,371022,0.645641022,25271.40701,0.024136439,195,881,6.981934677,717457.01,300404.2,417052.8,442899.0296,185444.8794,1.619911,28.75858422,34.91528514,61.37927908,221000000
2022,Chernivtsi Oblast,910001,391491,518510,0.430209417,13699.50741,0.015054387,0,0,0,286552.59,486284.2,199731.6,176894.0331,300191.9241,1.619911,28.75858422,34.91528514,61.37927908,221000000
2022,Crimea,1963770,1231648,732122,0.627185465,7300.688741,0.00371769,,,1.791759469,,,,,,1.619911,28.75858422,34.91528514,61.37927908,221000000
2022,Dnipropetrovsk Oblast,3258705,2724872,533833,0.836182471,13764.73745,0.00422399,159,263,6.047372179,6250833.1,3951611.1,2299222,3858750.944,2439400.128,1.619911,28.75858422,34.91528514,61.37927908,221000000
2022,Donetsk Oblast,4387702,3973317,414385,0.905557624,12379.41816,0.00282139,3710,47631,10.84626441,284183.4,139074.47,145108.94,175431.4898,85853.1549,1.619911,28.75858422,34.91528514,61.37927908,221000000
2022,Ivano-Frankivsk Oblast,1382721,603858,778863,0.436717169,18578.15243,0.013435937,2,2,1.609437912,684521.4,597967.8,86553.6,422567.2892,369136.2056,1.619911,28.75858422,34.91528514,61.37927908,221000000
2022,Kharkiv Oblast,2720342,2193027,527315,0.806158564,19239.04597,0.007072289,693,3707,8.389587067,879682.98,1252880.87,373197.89,543044.0191,773425.7438,1.619911,28.75858422,34.91528514,61.37927908,221000000
2022,Kherson Oblast,1063803,651241,412562,0.612181955,10814.81926,0.010166186,469,1798,7.726653665,56990.51,36828.3,20162.2,35181.25996,22734.76753,1.619911,28.75858422,34.91528514,61.37927908,221000000
2022,Khmelnytskyi Oblast,1296103,729963,566140,0.563198295,14347.80475,0.011069957,4,4,2.197224577,780197.07,707518.6,72678.5,481629.5895,436763.8716,1.619911,28.75858422,34.91528514,61.37927908,221000000
2022,Kirovohrad Oblast,974724,612237,362487,0.628113189,12130.7286,0.012445296,5,22,3.33220451,873195.7,249495.9,623699.8,539039.3052,154018.2763,1.619911,28.75858422,34.91528514,61.37927908,221000000
2022,Kyiv,2900920,2900920,0,1,23186.40517,0.007992776,45,453,6.212606096,10463689.07,22003545.53,11539856.4,6459422.197,13583181.75,1.619911,28.75858422,34.91528514,61.37927908,221000000
2022,Kyiv Oblast,1731673,1077600,654073,0.622288388,19630.24773,0.011336002,232,1915,7.672292456,2095732.25,3621107.6,1525375.4,1293732.958,2235374.413,1.619911,28.75858422,34.91528514,61.37927908,221000000
2022,Luhansk Oblast,2263676,1963808,299868,0.867530512,20834.12103,0.009203667,739,6332,8.863898604,8704.38,12309.61,3605.23,5373.369278,7598.942164,1.619911,28.75858422,34.91528514,61.37927908,221000000
2022,Lviv Oblast,2535476,1545628,989848,0.609600722,21163.97294,0.00834714,2,145,4.997212274,3024849.5,5387542.9,2362693.4,1867293.635,3325826.481,1.619911,28.75858422,34.91528514,61.37927908,221000000
2022,Mykolaiv Oblast,1159634,791227,368407,0.682307521,14748.36671,0.012718122,0,0,0,1642889.11,733533.1,909356,1014184.798,452823.0872,1.619911,28.75858422,34.91528514,61.37927908,221000000
2022,Odesa Oblast,2387282,1592602,794680,0.667119343,11535.85778,0.004832214,22,83,4.663439094,2400107.19,2132470.5,267636.7,1481629.046,1316412.136,1.619911,28.75858422,34.91528514,61.37927908,221000000
2022,Poltava Oblast,1440684,892177,548507,0.619273206,18879.97421,0.013104868,7,28,3.583518938,1867032.31,1201463.6,665568.7,1152552.399,741684.9444,1.619911,28.75858422,34.91528514,61.37927908,221000000
2022,Rivne Oblast,1162049,553247,608802,0.476096103,18170.82067,0.01563688,3,25,3.36729583,744171.68,550888.4,193283.3,459390.4727,340073.2509,1.619911,28.75858422,34.91528514,61.37927908,221000000
2022,Sevastopol,509992,509992,23656,1,5456.845426,0.010699865,0,0,0,,,,,,1.619911,28.75858422,34.91528514,61.37927908,221000000
2022,Sumy Oblast,1115051,764436,350615,0.685561468,21346.7782,0.019144217,89,286,5.929589143,723665.78,582527.6,141138.2,446731.8143,359604.6943,1.619911,28.75858422,34.91528514,61.37927908,221000000
2022,Ternopil Oblast,1066523,475443,591080,0.445787855,17456.80986,0.016367964,0,0,0,780415.82,518880.4,261535.4,481764.6278,320314.1407,1.619911,28.75858422,34.91528514,61.37927908,221000000
2022,Vinnytsia Oblast,1604270,813906,790364,0.507337294,14105.66306,0.008792574,0,0,0,1600458.07,622797.4,977660.7,987991.3588,384463.9613,1.619911,28.75858422,34.91528514,61.37927908,221000000
2022,Volyn Oblast,1042855,545568,497287,0.523148472,21129.71246,0.02026141,3,6,2.302585093,1065676.76,2034204.5,968527.7,657861.3023,1255750.779,1.619911,28.75858422,34.91528514,61.37927908,221000000
2022,Zakarpattia Oblast,1259497,466985,792512,0.37077103,16974.70284,0.013477367,0,0,0,1970395.61,1645411.78,324983.83,1216360.411,1015742.087,1.619911,28.75858422,34.91528514,61.37927908,221000000
2022,Zaporizhzhia Oblast,1755663,1355126,400537,0.771859975,10543.2892,0.006005304,229,571,6.685860947,2808658.96,1195427.4,1613231.6,1733835.353,737958.6903,1.619911,28.75858422,34.91528514,61.37927908,221000000
2022,Zhytomyr Oblast,1249225,734462,514763,0.587934119,16347.60719,0.013086199,31,71,4.634728988,718098.36,1206028.91,487930.55,443294.9465,744503.1918,1.619911,28.75858422,34.91528514,61.37927908,221000000
